Student Name,Present
Priyadarshini,Yes
Ankita,No
Lalitha,No
Veer,Yes
Kalyan,Yes
Jainam,No
Ashur,No
Faaraan,No
Shrutika,No
Archana,No
Vishwas,Yes
havanitha,No
deepshikha,Yes
LaxmiPriya,No
Jayanth,No
PrudhviRaj,Yes
Dharini,No
Yeshwanth,No
Varun,No
Shashidhar,No
Onkar,No
srujan,No
Vineetha,No
Sarat Suhas,Yes
md. zubair,No
Shengjie,No
Aditya,No
Ankit,No
Yashika,No
Vaibhav,No
Sathwik,No
gnaneswar,No
Shimon,No
Bhanu,No
Ngbede,No
Sahil,No
Aaron,No
Anitha,No
Florent,No
Shilpa,Yes
